Model,Optimizer,Loss Function,Learning Rate,Batch Size,Test Epoch,Validation Loss,Validation Accuracy,Highest Accuracy,Occurred in which Epoch
Roberta-Large,Adam,CrossEntropy,1e-05,128,5,"[0.6929085180163383, 0.22769567742943764, 0.16214769706130028, 0.22078350186347961, 0.23588389344513416]","[0.48946840521564694, 0.9047141424272819, 0.9307923771313942, 0.9317953861584755, 0.9358074222668004]",0.9358074222668004,5
